<Event xmlns='http://schemas.microsoft.com/win/2004/08/events/event'><System><Provider Name='Microsoft-Windows-Servicing' Guid='{bd12f3b8-fc40-4a61-a307-b7a013a069c1}'/><EventID>1</EventID><Version>0</Version><Level>0</Level><Task>1</Task><Opcode>0</Opcode><Keywords>0x8000000000000000</Keywords><TimeCreated SystemTime='2024-11-14T16:04:14.6779711Z'/><EventRecordID>86</EventRecordID><Correlation/><Execution ProcessID='8336' ThreadID='6692'/><Channel>Setup</Channel><Computer>Window-Vm-1</Computer><Security UserID='S-1-5-18'/></System><UserData><CbsPackageInitiateChanges xmlns='http://manifests.microsoft.com/win/2004/08/windows/setup_provider'><PackageIdentifier>KB5046247</PackageIdentifier><InitialPackageState>5112</InitialPackageState><InitialPackageStateTextized>Installed</InitialPackageStateTextized><IntendedPackageState>5000</IntendedPackageState><IntendedPackageStateTextized>Absent</IntendedPackageStateTextized><Client>CbsTask</Client></CbsPackageInitiateChanges></UserData></Event><Event xmlns='http://schemas.microsoft.com/win/2004/08/events/event'><System><Provider Name='Microsoft-Windows-Servicing' Guid='{bd12f3b8-fc40-4a61-a307-b7a013a069c1}'/><EventID>2</EventID><Version>0</Version><Level>0</Level><Task>1</Task><Opcode>0</Opcode><Keywords>0x8000000000000000</Keywords><TimeCreated SystemTime='2024-11-14T03:20:17.4950864Z'/><EventRecordID>85</EventRecordID><Correlation/><Execution ProcessID='2448' ThreadID='2512'/><Channel>Setup</Channel><Computer>Window-Vm-1</Computer><Security UserID='S-1-5-18'/></System><UserData><CbsPackageChangeState xmlns='http://manifests.microsoft.com/win/2004/08/windows/setup_provider'><PackageIdentifier>KB5045935</PackageIdentifier><IntendedPackageState>5112</IntendedPackageState><IntendedPackageStateTextized>Installed</IntendedPackageStateTextized><ErrorCode>0x0</ErrorCode><Client>WindowsUpdateAgent</Client></CbsPackageChangeState></UserData></Event><Event xmlns='http://schemas.microsoft.com/win/2004/08/events/event'><System><Provider Name='Microsoft-Windows-Servicing' Guid='{bd12f3b8-fc40-4a61-a307-b7a013a069c1}'/><EventID>4</EventID><Version>0</Version><Level>0</Level><Task>1</Task><Opcode>0</Opcode><Keywords>0x8000000000000000</Keywords><TimeCreated SystemTime='2024-11-14T03:19:55.8187306Z'/><EventRecordID>84</EventRecordID><Correlation/><Execution ProcessID='6132' ThreadID='1264'/><Channel>Setup</Channel><Computer>Window-Vm-1</Computer><Security UserID='S-1-5-18'/></System><UserData><CbsPackageChangeState xmlns='http://manifests.microsoft.com/win/2004/08/windows/setup_provider'><PackageIdentifier>KB5045935</PackageIdentifier><IntendedPackageState>5112</IntendedPackageState><IntendedPackageStateTextized>Installed</IntendedPackageStateTextized><ErrorCode>0x0</ErrorCode><Client>WindowsUpdateAgent</Client></CbsPackageChangeState></UserData></Event><Event xmlns='http://schemas.microsoft.com/win/2004/08/events/event'><System><Provider Name='Microsoft-Windows-Servicing' Guid='{bd12f3b8-fc40-4a61-a307-b7a013a069c1}'/><EventID>1</EventID><Version>0</Version><Level>0</Level><Task>1</Task><Opcode>0</Opcode><Keywords>0x8000000000000000</Keywords><TimeCreated SystemTime='2024-11-14T03:04:35.1705398Z'/><EventRecordID>83</EventRecordID><Correlation/><Execution ProcessID='4464' ThreadID='1212'/><Channel>Setup</Channel><Computer>Window-Vm-1</Computer><Security UserID='S-1-5-18'/></System><UserData><CbsPackageInitiateChanges xmlns='http://manifests.microsoft.com/win/2004/08/windows/setup_provider'><PackageIdentifier>KB5045935</PackageIdentifier><InitialPackageState>5000</InitialPackageState><InitialPackageStateTextized>Absent</InitialPackageStateTextized><IntendedPackageState>5112</IntendedPackageState><IntendedPackageStateTextized>Installed</IntendedPackageStateTextized><Client>WindowsUpdateAgent</Client></CbsPackageInitiateChanges></UserData></Event><Event xmlns='http://schemas.microsoft.com/win/2004/08/events/event'><System><Provider Name='Microsoft-Windows-Servicing' Guid='{bd12f3b8-fc40-4a61-a307-b7a013a069c1}'/><EventID>2</EventID><Version>0</Version><Level>0</Level><Task>1</Task><Opcode>0</Opcode><Keywords>0x8000000000000000</Keywords><TimeCreated SystemTime='2024-11-14T03:03:21.5964750Z'/><EventRecordID>82</EventRecordID><Correlation ActivityID='{97dabe6d-3641-0000-ecf6-da974136db01}'/><Execution ProcessID='2120' ThreadID='2236'/><Channel>Setup</Channel><Computer>Window-Vm-1</Computer><Security UserID='S-1-5-18'/></System><UserData><CbsPackageChangeState xmlns='http://manifests.microsoft.com/win/2004/08/windows/setup_provider'><PackageIdentifier>KB5046633</PackageIdentifier><IntendedPackageState>5112</IntendedPackageState><IntendedPackageStateTextized>Installed</IntendedPackageStateTextized><ErrorCode>0x0</ErrorCode><Client>UpdateAgentLCU</Client></CbsPackageChangeState></UserData></Event><Event xmlns='http://schemas.microsoft.com/win/2004/08/events/event'><System><Provider Name='Microsoft-Windows-Servicing' Guid='{bd12f3b8-fc40-4a61-a307-b7a013a069c1}'/><EventID>4</EventID><Version>0</Version><Level>0</Level><Task>1</Task><Opcode>0</Opcode><Keywords>0x8000000000000000</Keywords><TimeCreated SystemTime='2024-11-13T03:08:09.5571954Z'/><EventRecordID>81</EventRecordID><Correlation/><Execution ProcessID='2796' ThreadID='3400'/><Channel>Setup</Channel><Computer>Window-Vm-1</Computer><Security UserID='S-1-5-18'/></System><UserData><CbsPackageChangeState xmlns='http://manifests.microsoft.com/win/2004/08/windows/setup_provider'><PackageIdentifier>KB5046633</PackageIdentifier><IntendedPackageState>5112</IntendedPackageState><IntendedPackageStateTextized>Installed</IntendedPackageStateTextized><ErrorCode>0x0</ErrorCode><Client>UpdateAgentLCU</Client></CbsPackageChangeState></UserData></Event><Event xmlns='http://schemas.microsoft.com/win/2004/08/events/event'><System><Provider Name='Microsoft-Windows-Servicing' Guid='{bd12f3b8-fc40-4a61-a307-b7a013a069c1}'/><EventID>1</EventID><Version>0</Version><Level>0</Level><Task>1</Task><Opcode>0</Opcode><Keywords>0x8000000000000000</Keywords><TimeCreated SystemTime='2024-11-13T03:03:02.7095475Z'/><EventRecordID>80</EventRecordID><Correlation/><Execution ProcessID='2796' ThreadID='3400'/><Channel>Setup</Channel><Computer>Window-Vm-1</Computer><Security UserID='S-1-5-18'/></System><UserData><CbsPackageInitiateChanges xmlns='http://manifests.microsoft.com/win/2004/08/windows/setup_provider'><PackageIdentifier>KB5046633</PackageIdentifier><InitialPackageState>5000</InitialPackageState><InitialPackageStateTextized>Absent</InitialPackageStateTextized><IntendedPackageState>5112</IntendedPackageState><IntendedPackageStateTextized>Installed</IntendedPackageStateTextized><Client>UpdateAgentLCU</Client></CbsPackageInitiateChanges></UserData></Event><Event xmlns='http://schemas.microsoft.com/win/2004/08/events/event'><System><Provider Name='Microsoft-Windows-Servicing' Guid='{bd12f3b8-fc40-4a61-a307-b7a013a069c1}'/><EventID>2</EventID><Version>0</Version><Level>0</Level><Task>1</Task><Opcode>0</Opcode><Keywords>0x8000000000000000</Keywords><TimeCreated SystemTime='2024-11-13T03:02:57.6178324Z'/><EventRecordID>79</EventRecordID><Correlation/><Execution ProcessID='1272' ThreadID='1944'/><Channel>Setup</Channel><Computer>Window-Vm-1</Computer><Security UserID='S-1-5-18'/></System><UserData><CbsPackageChangeState xmlns='http://manifests.microsoft.com/win/2004/08/windows/setup_provider'><PackageIdentifier>KB5044620</PackageIdentifier><IntendedPackageState>5112</IntendedPackageState><IntendedPackageStateTextized>Installed</IntendedPackageStateTextized><ErrorCode>0x0</ErrorCode><Client>UpdateAgentLCU</Client></CbsPackageChangeState></UserData></Event><Event xmlns='http://schemas.microsoft.com/win/2004/08/events/event'><System><Provider Name='Microsoft-Windows-Servicing' Guid='{bd12f3b8-fc40-4a61-a307-b7a013a069c1}'/><EventID>1</EventID><Version>0</Version><Level>0</Level><Task>1</Task><Opcode>0</Opcode><Keywords>0x8000000000000000</Keywords><TimeCreated SystemTime='2024-11-13T03:02:38.2145307Z'/><EventRecordID>78</EventRecordID><Correlation/><Execution ProcessID='1272' ThreadID='1944'/><Channel>Setup</Channel><Computer>Window-Vm-1</Computer><Security UserID='S-1-5-18'/></System><UserData><CbsPackageInitiateChanges xmlns='http://manifests.microsoft.com/win/2004/08/windows/setup_provider'><PackageIdentifier>KB5044620</PackageIdentifier><InitialPackageState>5000</InitialPackageState><InitialPackageStateTextized>Absent</InitialPackageStateTextized><IntendedPackageState>5112</IntendedPackageState><IntendedPackageStateTextized>Installed</IntendedPackageStateTextized><Client>UpdateAgentLCU</Client></CbsPackageInitiateChanges></UserData></Event><Event xmlns='http://schemas.microsoft.com/win/2004/08/events/event'><System><Provider Name='Microsoft-Windows-Servicing' Guid='{bd12f3b8-fc40-4a61-a307-b7a013a069c1}'/><EventID>2</EventID><Version>0</Version><Level>0</Level><Task>1</Task><Opcode>0</Opcode><Keywords>0x8000000000000000</Keywords><TimeCreated SystemTime='2024-11-12T03:00:29.7853988Z'/><EventRecordID>77</EventRecordID><Correlation/><Execution ProcessID='2420' ThreadID='2504'/><Channel>Setup</Channel><Computer>Window-Vm-1</Computer><Security UserID='S-1-5-18'/></System><UserData><CbsPackageChangeState xmlns='http://manifests.microsoft.com/win/2004/08/windows/setup_provider'><PackageIdentifier>KB5044033</PackageIdentifier><IntendedPackageState>5112</IntendedPackageState><IntendedPackageStateTextized>Installed</IntendedPackageStateTextized><ErrorCode>0x0</ErrorCode><Client>UpdateAgentLCU</Client></CbsPackageChangeState></UserData></Event><Event xmlns='http://schemas.microsoft.com/win/2004/08/events/event'><System><Provider Name='Microsoft-Windows-Servicing' Guid='{bd12f3b8-fc40-4a61-a307-b7a013a069c1}'/><EventID>2</EventID><Version>0</Version><Level>0</Level><Task>1</Task><Opcode>0</Opcode><Keywords>0x8000000000000000</Keywords><TimeCreated SystemTime='2024-11-12T03:00:29.7853811Z'/><EventRecordID>76</EventRecordID><Correlation/><Execution ProcessID='2420' ThreadID='2504'/><Channel>Setup</Channel><Computer>Window-Vm-1</Computer><Security UserID='S-1-5-18'/></System><UserData><CbsPackageChangeState xmlns='http://manifests.microsoft.com/win/2004/08/windows/setup_provider'><PackageIdentifier>KB5027397</PackageIdentifier><IntendedPackageState>5112</IntendedPackageState><IntendedPackageStateTextized>Installed</IntendedPackageStateTextized><ErrorCode>0x0</ErrorCode><Client>UpdateAgentLCU</Client></CbsPackageChangeState></UserData></Event><Event xmlns='http://schemas.microsoft.com/win/2004/08/events/event'><System><Provider Name='Microsoft-Windows-Servicing' Guid='{bd12f3b8-fc40-4a61-a307-b7a013a069c1}'/><EventID>4</EventID><Version>0</Version><Level>0</Level><Task>1</Task><Opcode>0</Opcode><Keywords>0x8000000000000000</Keywords><TimeCreated SystemTime='2024-11-12T03:00:07.8951108Z'/><EventRecordID>75</EventRecordID><Correlation/><Execution ProcessID='9924' ThreadID='2516'/><Channel>Setup</Channel><Computer>Window-Vm-1</Computer><Security UserID='S-1-5-18'/></System><UserData><CbsPackageChangeState xmlns='http://manifests.microsoft.com/win/2004/08/windows/setup_provider'><PackageIdentifier>KB5044033</PackageIdentifier><IntendedPackageState>5112</IntendedPackageState><IntendedPackageStateTextized>Installed</IntendedPackageStateTextized><ErrorCode>0x0</ErrorCode><Client>UpdateAgentLCU</Client></CbsPackageChangeState></UserData></Event><Event xmlns='http://schemas.microsoft.com/win/2004/08/events/event'><System><Provider Name='Microsoft-Windows-Servicing' Guid='{bd12f3b8-fc40-4a61-a307-b7a013a069c1}'/><EventID>4</EventID><Version>0</Version><Level>0</Level><Task>1</Task><Opcode>0</Opcode><Keywords>0x8000000000000000</Keywords><TimeCreated SystemTime='2024-11-12T03:00:07.8951085Z'/><EventRecordID>74</EventRecordID><Correlation/><Execution ProcessID='9924' ThreadID='2516'/><Channel>Setup</Channel><Computer>Window-Vm-1</Computer><Security UserID='S-1-5-18'/></System><UserData><CbsPackageChangeState xmlns='http://manifests.microsoft.com/win/2004/08/windows/setup_provider'><PackageIdentifier>KB5027397</PackageIdentifier><IntendedPackageState>5112</IntendedPackageState><IntendedPackageStateTextized>Installed</IntendedPackageStateTextized><ErrorCode>0x0</ErrorCode><Client>UpdateAgentLCU</Client></CbsPackageChangeState></UserData></Event><Event xmlns='http://schemas.microsoft.com/win/2004/08/events/event'><System><Provider Name='Microsoft-Windows-Servicing' Guid='{bd12f3b8-fc40-4a61-a307-b7a013a069c1}'/><EventID>1</EventID><Version>0</Version><Level>0</Level><Task>1</Task><Opcode>0</Opcode><Keywords>0x8000000000000000</Keywords><TimeCreated SystemTime='2024-11-11T03:00:07.4841664Z'/><EventRecordID>73</EventRecordID><Correlation/><Execution ProcessID='492' ThreadID='6896'/><Channel>Setup</Channel><Computer>Window-Vm-1</Computer><Security UserID='S-1-5-18'/></System><UserData><CbsPackageInitiateChanges xmlns='http://manifests.microsoft.com/win/2004/08/windows/setup_provider'><PackageIdentifier>KB5044033</PackageIdentifier><InitialPackageState>5112</InitialPackageState><InitialPackageStateTextized>Installed</InitialPackageStateTextized><IntendedPackageState>5112</IntendedPackageState><IntendedPackageStateTextized>Installed</IntendedPackageStateTextized><Client>UpdateAgentLCU</Client></CbsPackageInitiateChanges></UserData></Event><Event xmlns='http://schemas.microsoft.com/win/2004/08/events/event'><System><Provider Name='Microsoft-Windows-Servicing' Guid='{bd12f3b8-fc40-4a61-a307-b7a013a069c1}'/><EventID>1</EventID><Version>0</Version><Level>0</Level><Task>1</Task><Opcode>0</Opcode><Keywords>0x8000000000000000</Keywords><TimeCreated SystemTime='2024-11-11T03:00:07.4841642Z'/><EventRecordID>72</EventRecordID><Correlation/><Execution ProcessID='492' ThreadID='6896'/><Channel>Setup</Channel><Computer>Window-Vm-1</Computer><Security UserID='S-1-5-18'/></System><UserData><CbsPackageInitiateChanges xmlns='http://manifests.microsoft.com/win/2004/08/windows/setup_provider'><PackageIdentifier>KB5027397</PackageIdentifier><InitialPackageState>5000</InitialPackageState><InitialPackageStateTextized>Absent</InitialPackageStateTextized><IntendedPackageState>5112</IntendedPackageState><IntendedPackageStateTextized>Installed</IntendedPackageStateTextized><Client>UpdateAgentLCU</Client></CbsPackageInitiateChanges></UserData></Event><Event xmlns='http://schemas.microsoft.com/win/2004/08/events/event'><System><Provider Name='Microsoft-Windows-Servicing' Guid='{bd12f3b8-fc40-4a61-a307-b7a013a069c1}'/><EventID>1</EventID><Version>0</Version><Level>0</Level><Task>1</Task><Opcode>0</Opcode><Keywords>0x8000000000000000</Keywords><TimeCreated SystemTime='2024-11-10T06:47:52.4415868Z'/><EventRecordID>71</EventRecordID><Correlation/><Execution ProcessID='4428' ThreadID='2336'/><Channel>Setup</Channel><Computer>Window-Vm-1</Computer><Security UserID='S-1-5-18'/></System><UserData><CbsPackageInitiateChanges xmlns='http://manifests.microsoft.com/win/2004/08/windows/setup_provider'><PackageIdentifier>KB5041584</PackageIdentifier><InitialPackageState>5112</InitialPackageState><InitialPackageStateTextized>Installed</InitialPackageStateTextized><IntendedPackageState>5000</IntendedPackageState><IntendedPackageStateTextized>Absent</IntendedPackageStateTextized><Client>Arbiter</Client></CbsPackageInitiateChanges></UserData></Event><Event xmlns='http://schemas.microsoft.com/win/2004/08/events/event'><System><Provider Name='Microsoft-Windows-Servicing' Guid='{bd12f3b8-fc40-4a61-a307-b7a013a069c1}'/><EventID>2</EventID><Version>0</Version><Level>0</Level><Task>1</Task><Opcode>0</Opcode><Keywords>0x8000000000000000</Keywords><TimeCreated SystemTime='2024-11-09T03:32:58.0621066Z'/><EventRecordID>70</EventRecordID><Correlation ActivityID='{e9f1950d-3257-0001-56dc-f1e95732db01}'/><Execution ProcessID='2964' ThreadID='3012'/><Channel>Setup</Channel><Computer>Window-Vm-1</Computer><Security UserID='S-1-5-18'/></System><UserData><CbsPackageChangeState xmlns='http://manifests.microsoft.com/win/2004/08/windows/setup_provider'><PackageIdentifier>KB5044285</PackageIdentifier><IntendedPackageState>5112</IntendedPackageState><IntendedPackageStateTextized>Installed</IntendedPackageStateTextized><ErrorCode>0x0</ErrorCode><Client>UpdateAgentLCU</Client></CbsPackageChangeState></UserData></Event><Event xmlns='http://schemas.microsoft.com/win/2004/08/events/event'><System><Provider Name='Microsoft-Windows-Servicing' Guid='{bd12f3b8-fc40-4a61-a307-b7a013a069c1}'/><EventID>2</EventID><Version>0</Version><Level>0</Level><Task>1</Task><Opcode>0</Opcode><Keywords>0x8000000000000000</Keywords><TimeCreated SystemTime='2024-11-09T03:32:56.2524328Z'/><EventRecordID>69</EventRecordID><Correlation ActivityID='{e9f1950d-3257-0001-56dc-f1e95732db01}'/><Execution ProcessID='2964' ThreadID='3012'/><Channel>Setup</Channel><Computer>Window-Vm-1</Computer><Security UserID='S-1-5-18'/></System><UserData><CbsPackageChangeState xmlns='http://manifests.microsoft.com/win/2004/08/windows/setup_provider'><PackageIdentifier>KB5044033</PackageIdentifier><IntendedPackageState>5112</IntendedPackageState><IntendedPackageStateTextized>Installed</IntendedPackageStateTextized><ErrorCode>0x0</ErrorCode><Client>WindowsUpdateAgent</Client></CbsPackageChangeState></UserData></Event><Event xmlns='http://schemas.microsoft.com/win/2004/08/events/event'><System><Provider Name='Microsoft-Windows-Servicing' Guid='{bd12f3b8-fc40-4a61-a307-b7a013a069c1}'/><EventID>4</EventID><Version>0</Version><Level>0</Level><Task>1</Task><Opcode>0</Opcode><Keywords>0x8000000000000000</Keywords><TimeCreated SystemTime='2024-11-09T03:30:28.1612413Z'/><EventRecordID>68</EventRecordID><Correlation/><Execution ProcessID='10212' ThreadID='9772'/><Channel>Setup</Channel><Computer>Window-Vm-1</Computer><Security UserID='S-1-5-18'/></System><UserData><CbsPackageChangeState xmlns='http://manifests.microsoft.com/win/2004/08/windows/setup_provider'><PackageIdentifier>KB5044033</PackageIdentifier><IntendedPackageState>5112</IntendedPackageState><IntendedPackageStateTextized>Installed</IntendedPackageStateTextized><ErrorCode>0x0</ErrorCode><Client>WindowsUpdateAgent</Client></CbsPackageChangeState></UserData></Event><Event xmlns='http://schemas.microsoft.com/win/2004/08/events/event'><System><Provider Name='Microsoft-Windows-Servicing' Guid='{bd12f3b8-fc40-4a61-a307-b7a013a069c1}'/><EventID>4</EventID><Version>0</Version><Level>0</Level><Task>1</Task><Opcode>0</Opcode><Keywords>0x8000000000000000</Keywords><TimeCreated SystemTime='2024-11-09T03:08:55.7124602Z'/><EventRecordID>67</EventRecordID><Correlation/><Execution ProcessID='11048' ThreadID='13032'/><Channel>Setup</Channel><Computer>Window-Vm-1</Computer><Security UserID='S-1-5-18'/></System><UserData><CbsPackageChangeState xmlns='http://manifests.microsoft.com/win/2004/08/windows/setup_provider'><PackageIdentifier>KB5044285</PackageIdentifier><IntendedPackageState>5112</IntendedPackageState><IntendedPackageStateTextized>Installed</IntendedPackageStateTextized><ErrorCode>0x0</ErrorCode><Client>UpdateAgentLCU</Client></CbsPackageChangeState></UserData></Event><Event xmlns='http://schemas.microsoft.com/win/2004/08/events/event'><System><Provider Name='Microsoft-Windows-Servicing' Guid='{bd12f3b8-fc40-4a61-a307-b7a013a069c1}'/><EventID>1</EventID><Version>0</Version><Level>0</Level><Task>1</Task><Opcode>0</Opcode><Keywords>0x8000000000000000</Keywords><TimeCreated SystemTime='2024-11-09T03:04:07.9809876Z'/><EventRecordID>66</EventRecordID><Correlation/><Execution ProcessID='11048' ThreadID='13032'/><Channel>Setup</Channel><Computer>Window-Vm-1</Computer><Security UserID='S-1-5-18'/></System><UserData><CbsPackageInitiateChanges xmlns='http://manifests.microsoft.com/win/2004/08/windows/setup_provider'><PackageIdentifier>KB5044285</PackageIdentifier><InitialPackageState>5000</InitialPackageState><InitialPackageStateTextized>Absent</InitialPackageStateTextized><IntendedPackageState>5112</IntendedPackageState><IntendedPackageStateTextized>Installed</IntendedPackageStateTextized><Client>UpdateAgentLCU</Client></CbsPackageInitiateChanges></UserData></Event><Event xmlns='http://schemas.microsoft.com/win/2004/08/events/event'><System><Provider Name='Microsoft-Windows-Servicing' Guid='{bd12f3b8-fc40-4a61-a307-b7a013a069c1}'/><EventID>2</EventID><Version>0</Version><Level>0</Level><Task>1</Task><Opcode>0</Opcode><Keywords>0x8000000000000000</Keywords><TimeCreated SystemTime='2024-11-09T03:04:02.5233581Z'/><EventRecordID>65</EventRecordID><Correlation/><Execution ProcessID='7404' ThreadID='5488'/><Channel>Setup</Channel><Computer>Window-Vm-1</Computer><Security UserID='S-1-5-18'/></System><UserData><CbsPackageChangeState xmlns='http://manifests.microsoft.com/win/2004/08/windows/setup_provider'><PackageIdentifier>KB5046247</PackageIdentifier><IntendedPackageState>5112</IntendedPackageState><IntendedPackageStateTextized>Installed</IntendedPackageStateTextized><ErrorCode>0x0</ErrorCode><Client>UpdateAgentLCU</Client></CbsPackageChangeState></UserData></Event><Event xmlns='http://schemas.microsoft.com/win/2004/08/events/event'><System><Provider Name='Microsoft-Windows-Servicing' Guid='{bd12f3b8-fc40-4a61-a307-b7a013a069c1}'/><EventID>1</EventID><Version>0</Version><Level>0</Level><Task>1</Task><Opcode>0</Opcode><Keywords>0x8000000000000000</Keywords><TimeCreated SystemTime='2024-11-09T03:03:56.1884298Z'/><EventRecordID>64</EventRecordID><Correlation/><Execution ProcessID='7404' ThreadID='5488'/><Channel>Setup</Channel><Computer>Window-Vm-1</Computer><Security UserID='S-1-5-18'/></System><UserData><CbsPackageInitiateChanges xmlns='http://manifests.microsoft.com/win/2004/08/windows/setup_provider'><PackageIdentifier>KB5046247</PackageIdentifier><InitialPackageState>5000</InitialPackageState><InitialPackageStateTextized>Absent</InitialPackageStateTextized><IntendedPackageState>5112</IntendedPackageState><IntendedPackageStateTextized>Installed</IntendedPackageStateTextized><Client>UpdateAgentLCU</Client></CbsPackageInitiateChanges></UserData></Event><Event xmlns='http://schemas.microsoft.com/win/2004/08/events/event'><System><Provider Name='Microsoft-Windows-Servicing' Guid='{bd12f3b8-fc40-4a61-a307-b7a013a069c1}'/><EventID>1</EventID><Version>0</Version><Level>0</Level><Task>1</Task><Opcode>0</Opcode><Keywords>0x8000000000000000</Keywords><TimeCreated SystemTime='2024-11-09T03:00:14.9514637Z'/><EventRecordID>63</EventRecordID><Correlation/><Execution ProcessID='15852' ThreadID='7916'/><Channel>Setup</Channel><Computer>Window-Vm-1</Computer><Security UserID='S-1-5-18'/></System><UserData><CbsPackageInitiateChanges xmlns='http://manifests.microsoft.com/win/2004/08/windows/setup_provider'><PackageIdentifier>KB5044033</PackageIdentifier><InitialPackageState>5000</InitialPackageState><InitialPackageStateTextized>Absent</InitialPackageStateTextized><IntendedPackageState>5112</IntendedPackageState><IntendedPackageStateTextized>Installed</IntendedPackageStateTextized><Client>WindowsUpdateAgent</Client></CbsPackageInitiateChanges></UserData></Event><Event xmlns='http://schemas.microsoft.com/win/2004/08/events/event'><System><Provider Name='Microsoft-Windows-Servicing' Guid='{bd12f3b8-fc40-4a61-a307-b7a013a069c1}'/><EventID>1</EventID><Version>0</Version><Level>0</Level><Task>1</Task><Opcode>0</Opcode><Keywords>0x8000000000000000</Keywords><TimeCreated SystemTime='2024-11-07T13:56:59.7588671Z'/><EventRecordID>62</EventRecordID><Correlation/><Execution ProcessID='3252' ThreadID='6116'/><Channel>Setup</Channel><Computer>Window-Vm-1</Computer><Security UserID='S-1-5-18'/></System><UserData><CbsPackageInitiateChanges xmlns='http://manifests.microsoft.com/win/2004/08/windows/setup_provider'><PackageIdentifier>KB777778</PackageIdentifier><InitialPackageState>5080</InitialPackageState><InitialPackageStateTextized>Superseded</InitialPackageStateTextized><IntendedPackageState>5000</IntendedPackageState><IntendedPackageStateTextized>Absent</IntendedPackageStateTextized><Client>CbsTask</Client></CbsPackageInitiateChanges></UserData></Event><Event xmlns='http://schemas.microsoft.com/win/2004/08/events/event'><System><Provider Name='Microsoft-Windows-Servicing' Guid='{bd12f3b8-fc40-4a61-a307-b7a013a069c1}'/><EventID>1</EventID><Version>0</Version><Level>0</Level><Task>1</Task><Opcode>0</Opcode><Keywords>0x8000000000000000</Keywords><TimeCreated SystemTime='2024-11-07T13:56:57.9941925Z'/><EventRecordID>61</EventRecordID><Correlation/><Execution ProcessID='3252' ThreadID='6116'/><Channel>Setup</Channel><Computer>Window-Vm-1</Computer><Security UserID='S-1-5-18'/></System><UserData><CbsPackageInitiateChanges xmlns='http://manifests.microsoft.com/win/2004/08/windows/setup_provider'><PackageIdentifier>KB777778</PackageIdentifier><InitialPackageState>5080</InitialPackageState><InitialPackageStateTextized>Superseded</InitialPackageStateTextized><IntendedPackageState>5000</IntendedPackageState><IntendedPackageStateTextized>Absent</IntendedPackageStateTextized><Client>CbsTask</Client></CbsPackageInitiateChanges></UserData></Event><Event xmlns='http://schemas.microsoft.com/win/2004/08/events/event'><System><Provider Name='Microsoft-Windows-Servicing' Guid='{bd12f3b8-fc40-4a61-a307-b7a013a069c1}'/><EventID>1</EventID><Version>0</Version><Level>0</Level><Task>1</Task><Opcode>0</Opcode><Keywords>0x8000000000000000</Keywords><TimeCreated SystemTime='2024-11-07T13:56:56.2670710Z'/><EventRecordID>60</EventRecordID><Correlation/><Execution ProcessID='3252' ThreadID='6116'/><Channel>Setup</Channel><Computer>Window-Vm-1</Computer><Security UserID='S-1-5-18'/></System><UserData><CbsPackageInitiateChanges xmlns='http://manifests.microsoft.com/win/2004/08/windows/setup_provider'><PackageIdentifier>KB777778</PackageIdentifier><InitialPackageState>5080</InitialPackageState><InitialPackageStateTextized>Superseded</InitialPackageStateTextized><IntendedPackageState>5000</IntendedPackageState><IntendedPackageStateTextized>Absent</IntendedPackageStateTextized><Client>CbsTask</Client></CbsPackageInitiateChanges></UserData></Event><Event xmlns='http://schemas.microsoft.com/win/2004/08/events/event'><System><Provider Name='Microsoft-Windows-Servicing' Guid='{bd12f3b8-fc40-4a61-a307-b7a013a069c1}'/><EventID>1</EventID><Version>0</Version><Level>0</Level><Task>1</Task><Opcode>0</Opcode><Keywords>0x8000000000000000</Keywords><TimeCreated SystemTime='2024-11-07T13:56:54.5137745Z'/><EventRecordID>59</EventRecordID><Correlation/><Execution ProcessID='3252' ThreadID='6116'/><Channel>Setup</Channel><Computer>Window-Vm-1</Computer><Security UserID='S-1-5-18'/></System><UserData><CbsPackageInitiateChanges xmlns='http://manifests.microsoft.com/win/2004/08/windows/setup_provider'><PackageIdentifier>KB777778</PackageIdentifier><InitialPackageState>5080</InitialPackageState><InitialPackageStateTextized>Superseded</InitialPackageStateTextized><IntendedPackageState>5000</IntendedPackageState><IntendedPackageStateTextized>Absent</IntendedPackageStateTextized><Client>CbsTask</Client></CbsPackageInitiateChanges></UserData></Event><Event xmlns='http://schemas.microsoft.com/win/2004/08/events/event'><System><Provider Name='Microsoft-Windows-Servicing' Guid='{bd12f3b8-fc40-4a61-a307-b7a013a069c1}'/><EventID>1</EventID><Version>0</Version><Level>0</Level><Task>1</Task><Opcode>0</Opcode><Keywords>0x8000000000000000</Keywords><TimeCreated SystemTime='2024-11-07T13:56:52.7814637Z'/><EventRecordID>58</EventRecordID><Correlation/><Execution ProcessID='3252' ThreadID='6116'/><Channel>Setup</Channel><Computer>Window-Vm-1</Computer><Security UserID='S-1-5-18'/></System><UserData><CbsPackageInitiateChanges xmlns='http://manifests.microsoft.com/win/2004/08/windows/setup_provider'><PackageIdentifier>KB777778</PackageIdentifier><InitialPackageState>5080</InitialPackageState><InitialPackageStateTextized>Superseded</InitialPackageStateTextized><IntendedPackageState>5000</IntendedPackageState><IntendedPackageStateTextized>Absent</IntendedPackageStateTextized><Client>CbsTask</Client></CbsPackageInitiateChanges></UserData></Event><Event xmlns='http://schemas.microsoft.com/win/2004/08/events/event'><System><Provider Name='Microsoft-Windows-Servicing' Guid='{bd12f3b8-fc40-4a61-a307-b7a013a069c1}'/><EventID>1</EventID><Version>0</Version><Level>0</Level><Task>1</Task><Opcode>0</Opcode><Keywords>0x8000000000000000</Keywords><TimeCreated SystemTime='2024-11-07T13:56:50.9780206Z'/><EventRecordID>57</EventRecordID><Correlation/><Execution ProcessID='3252' ThreadID='6116'/><Channel>Setup</Channel><Computer>Window-Vm-1</Computer><Security UserID='S-1-5-18'/></System><UserData><CbsPackageInitiateChanges xmlns='http://manifests.microsoft.com/win/2004/08/windows/setup_provider'><PackageIdentifier>KB777778</PackageIdentifier><InitialPackageState>5080</InitialPackageState><InitialPackageStateTextized>Superseded</InitialPackageStateTextized><IntendedPackageState>5000</IntendedPackageState><IntendedPackageStateTextized>Absent</IntendedPackageStateTextized><Client>CbsTask</Client></CbsPackageInitiateChanges></UserData></Event><Event xmlns='http://schemas.microsoft.com/win/2004/08/events/event'><System><Provider Name='Microsoft-Windows-Servicing' Guid='{bd12f3b8-fc40-4a61-a307-b7a013a069c1}'/><EventID>1</EventID><Version>0</Version><Level>0</Level><Task>1</Task><Opcode>0</Opcode><Keywords>0x8000000000000000</Keywords><TimeCreated SystemTime='2024-11-07T13:56:49.1229208Z'/><EventRecordID>56</EventRecordID><Correlation/><Execution ProcessID='3252' ThreadID='6116'/><Channel>Setup</Channel><Computer>Window-Vm-1</Computer><Security UserID='S-1-5-18'/></System><UserData><CbsPackageInitiateChanges xmlns='http://manifests.microsoft.com/win/2004/08/windows/setup_provider'><PackageIdentifier>KB777778</PackageIdentifier><InitialPackageState>5080</InitialPackageState><InitialPackageStateTextized>Superseded</InitialPackageStateTextized><IntendedPackageState>5000</IntendedPackageState><IntendedPackageStateTextized>Absent</IntendedPackageStateTextized><Client>CbsTask</Client></CbsPackageInitiateChanges></UserData></Event><Event xmlns='http://schemas.microsoft.com/win/2004/08/events/event'><System><Provider Name='Microsoft-Windows-Servicing' Guid='{bd12f3b8-fc40-4a61-a307-b7a013a069c1}'/><EventID>1</EventID><Version>0</Version><Level>0</Level><Task>1</Task><Opcode>0</Opcode><Keywords>0x8000000000000000</Keywords><TimeCreated SystemTime='2024-11-07T13:56:47.4616963Z'/><EventRecordID>55</EventRecordID><Correlation/><Execution ProcessID='3252' ThreadID='6116'/><Channel>Setup</Channel><Computer>Window-Vm-1</Computer><Security UserID='S-1-5-18'/></System><UserData><CbsPackageInitiateChanges xmlns='http://manifests.microsoft.com/win/2004/08/windows/setup_provider'><PackageIdentifier>KB777778</PackageIdentifier><InitialPackageState>5080</InitialPackageState><InitialPackageStateTextized>Superseded</InitialPackageStateTextized><IntendedPackageState>5000</IntendedPackageState><IntendedPackageStateTextized>Absent</IntendedPackageStateTextized><Client>CbsTask</Client></CbsPackageInitiateChanges></UserData></Event><Event xmlns='http://schemas.microsoft.com/win/2004/08/events/event'><System><Provider Name='Microsoft-Windows-Servicing' Guid='{bd12f3b8-fc40-4a61-a307-b7a013a069c1}'/><EventID>1</EventID><Version>0</Version><Level>0</Level><Task>1</Task><Opcode>0</Opcode><Keywords>0x8000000000000000</Keywords><TimeCreated SystemTime='2024-11-07T13:56:45.7878280Z'/><EventRecordID>54</EventRecordID><Correlation/><Execution ProcessID='3252' ThreadID='6116'/><Channel>Setup</Channel><Computer>Window-Vm-1</Computer><Security UserID='S-1-5-18'/></System><UserData><CbsPackageInitiateChanges xmlns='http://manifests.microsoft.com/win/2004/08/windows/setup_provider'><PackageIdentifier>KB777778</PackageIdentifier><InitialPackageState>5080</InitialPackageState><InitialPackageStateTextized>Superseded</InitialPackageStateTextized><IntendedPackageState>5000</IntendedPackageState><IntendedPackageStateTextized>Absent</IntendedPackageStateTextized><Client>CbsTask</Client></CbsPackageInitiateChanges></UserData></Event><Event xmlns='http://schemas.microsoft.com/win/2004/08/events/event'><System><Provider Name='Microsoft-Windows-Servicing' Guid='{bd12f3b8-fc40-4a61-a307-b7a013a069c1}'/><EventID>1</EventID><Version>0</Version><Level>0</Level><Task>1</Task><Opcode>0</Opcode><Keywords>0x8000000000000000</Keywords><TimeCreated SystemTime='2024-11-07T13:56:43.8384782Z'/><EventRecordID>53</EventRecordID><Correlation/><Execution ProcessID='3252' ThreadID='6116'/><Channel>Setup</Channel><Computer>Window-Vm-1</Computer><Security UserID='S-1-5-18'/></System><UserData><CbsPackageInitiateChanges xmlns='http://manifests.microsoft.com/win/2004/08/windows/setup_provider'><PackageIdentifier>KB777778</PackageIdentifier><InitialPackageState>5080</InitialPackageState><InitialPackageStateTextized>Superseded</InitialPackageStateTextized><IntendedPackageState>5000</IntendedPackageState><IntendedPackageStateTextized>Absent</IntendedPackageStateTextized><Client>CbsTask</Client></CbsPackageInitiateChanges></UserData></Event><Event xmlns='http://schemas.microsoft.com/win/2004/08/events/event'><System><Provider Name='Microsoft-Windows-Servicing' Guid='{bd12f3b8-fc40-4a61-a307-b7a013a069c1}'/><EventID>1</EventID><Version>0</Version><Level>0</Level><Task>1</Task><Opcode>0</Opcode><Keywords>0x8000000000000000</Keywords><TimeCreated SystemTime='2024-11-07T13:56:42.1974845Z'/><EventRecordID>52</EventRecordID><Correlation/><Execution ProcessID='3252' ThreadID='6116'/><Channel>Setup</Channel><Computer>Window-Vm-1</Computer><Security UserID='S-1-5-18'/></System><UserData><CbsPackageInitiateChanges xmlns='http://manifests.microsoft.com/win/2004/08/windows/setup_provider'><PackageIdentifier>KB777778</PackageIdentifier><InitialPackageState>5080</InitialPackageState><InitialPackageStateTextized>Superseded</InitialPackageStateTextized><IntendedPackageState>5000</IntendedPackageState><IntendedPackageStateTextized>Absent</IntendedPackageStateTextized><Client>CbsTask</Client></CbsPackageInitiateChanges></UserData></Event><Event xmlns='http://schemas.microsoft.com/win/2004/08/events/event'><System><Provider Name='Microsoft-Windows-Servicing' Guid='{bd12f3b8-fc40-4a61-a307-b7a013a069c1}'/><EventID>1</EventID><Version>0</Version><Level>0</Level><Task>1</Task><Opcode>0</Opcode><Keywords>0x8000000000000000</Keywords><TimeCreated SystemTime='2024-11-07T13:56:40.1802553Z'/><EventRecordID>51</EventRecordID><Correlation/><Execution ProcessID='3252' ThreadID='6116'/><Channel>Setup</Channel><Computer>Window-Vm-1</Computer><Security UserID='S-1-5-18'/></System><UserData><CbsPackageInitiateChanges xmlns='http://manifests.microsoft.com/win/2004/08/windows/setup_provider'><PackageIdentifier>KB777778</PackageIdentifier><InitialPackageState>5080</InitialPackageState><InitialPackageStateTextized>Superseded</InitialPackageStateTextized><IntendedPackageState>5000</IntendedPackageState><IntendedPackageStateTextized>Absent</IntendedPackageStateTextized><Client>CbsTask</Client></CbsPackageInitiateChanges></UserData></Event><Event xmlns='http://schemas.microsoft.com/win/2004/08/events/event'><System><Provider Name='Microsoft-Windows-Servicing' Guid='{bd12f3b8-fc40-4a61-a307-b7a013a069c1}'/><EventID>1</EventID><Version>0</Version><Level>0</Level><Task>1</Task><Opcode>0</Opcode><Keywords>0x8000000000000000</Keywords><TimeCreated SystemTime='2024-11-07T13:56:38.0293121Z'/><EventRecordID>50</EventRecordID><Correlation/><Execution ProcessID='3252' ThreadID='6116'/><Channel>Setup</Channel><Computer>Window-Vm-1</Computer><Security UserID='S-1-5-18'/></System><UserData><CbsPackageInitiateChanges xmlns='http://manifests.microsoft.com/win/2004/08/windows/setup_provider'><PackageIdentifier>KB777778</PackageIdentifier><InitialPackageState>5080</InitialPackageState><InitialPackageStateTextized>Superseded</InitialPackageStateTextized><IntendedPackageState>5000</IntendedPackageState><IntendedPackageStateTextized>Absent</IntendedPackageStateTextized><Client>CbsTask</Client></CbsPackageInitiateChanges></UserData></Event><Event xmlns='http://schemas.microsoft.com/win/2004/08/events/event'><System><Provider Name='Microsoft-Windows-Servicing' Guid='{bd12f3b8-fc40-4a61-a307-b7a013a069c1}'/><EventID>1</EventID><Version>0</Version><Level>0</Level><Task>1</Task><Opcode>0</Opcode><Keywords>0x8000000000000000</Keywords><TimeCreated SystemTime='2024-11-07T13:56:36.3688986Z'/><EventRecordID>49</EventRecordID><Correlation/><Execution ProcessID='3252' ThreadID='6116'/><Channel>Setup</Channel><Computer>Window-Vm-1</Computer><Security UserID='S-1-5-18'/></System><UserData><CbsPackageInitiateChanges xmlns='http://manifests.microsoft.com/win/2004/08/windows/setup_provider'><PackageIdentifier>KB777778</PackageIdentifier><InitialPackageState>5080</InitialPackageState><InitialPackageStateTextized>Superseded</InitialPackageStateTextized><IntendedPackageState>5000</IntendedPackageState><IntendedPackageStateTextized>Absent</IntendedPackageStateTextized><Client>CbsTask</Client></CbsPackageInitiateChanges></UserData></Event><Event xmlns='http://schemas.microsoft.com/win/2004/08/events/event'><System><Provider Name='Microsoft-Windows-Servicing' Guid='{bd12f3b8-fc40-4a61-a307-b7a013a069c1}'/><EventID>1</EventID><Version>0</Version><Level>0</Level><Task>1</Task><Opcode>0</Opcode><Keywords>0x8000000000000000</Keywords><TimeCreated SystemTime='2024-11-07T13:56:34.4934265Z'/><EventRecordID>48</EventRecordID><Correlation/><Execution ProcessID='3252' ThreadID='6116'/><Channel>Setup</Channel><Computer>Window-Vm-1</Computer><Security UserID='S-1-5-18'/></System><UserData><CbsPackageInitiateChanges xmlns='http://manifests.microsoft.com/win/2004/08/windows/setup_provider'><PackageIdentifier>KB777778</PackageIdentifier><InitialPackageState>5080</InitialPackageState><InitialPackageStateTextized>Superseded</InitialPackageStateTextized><IntendedPackageState>5000</IntendedPackageState><IntendedPackageStateTextized>Absent</IntendedPackageStateTextized><Client>CbsTask</Client></CbsPackageInitiateChanges></UserData></Event><Event xmlns='http://schemas.microsoft.com/win/2004/08/events/event'><System><Provider Name='Microsoft-Windows-Servicing' Guid='{bd12f3b8-fc40-4a61-a307-b7a013a069c1}'/><EventID>1</EventID><Version>0</Version><Level>0</Level><Task>1</Task><Opcode>0</Opcode><Keywords>0x8000000000000000</Keywords><TimeCreated SystemTime='2024-11-07T13:56:32.7436122Z'/><EventRecordID>47</EventRecordID><Correlation/><Execution ProcessID='3252' ThreadID='6116'/><Channel>Setup</Channel><Computer>Window-Vm-1</Computer><Security UserID='S-1-5-18'/></System><UserData><CbsPackageInitiateChanges xmlns='http://manifests.microsoft.com/win/2004/08/windows/setup_provider'><PackageIdentifier>KB777778</PackageIdentifier><InitialPackageState>5080</InitialPackageState><InitialPackageStateTextized>Superseded</InitialPackageStateTextized><IntendedPackageState>5000</IntendedPackageState><IntendedPackageStateTextized>Absent</IntendedPackageStateTextized><Client>CbsTask</Client></CbsPackageInitiateChanges></UserData></Event><Event xmlns='http://schemas.microsoft.com/win/2004/08/events/event'><System><Provider Name='Microsoft-Windows-Servicing' Guid='{bd12f3b8-fc40-4a61-a307-b7a013a069c1}'/><EventID>1</EventID><Version>0</Version><Level>0</Level><Task>1</Task><Opcode>0</Opcode><Keywords>0x8000000000000000</Keywords><TimeCreated SystemTime='2024-11-07T13:56:30.9622222Z'/><EventRecordID>46</EventRecordID><Correlation/><Execution ProcessID='3252' ThreadID='6116'/><Channel>Setup</Channel><Computer>Window-Vm-1</Computer><Security UserID='S-1-5-18'/></System><UserData><CbsPackageInitiateChanges xmlns='http://manifests.microsoft.com/win/2004/08/windows/setup_provider'><PackageIdentifier>KB777778</PackageIdentifier><InitialPackageState>5080</InitialPackageState><InitialPackageStateTextized>Superseded</InitialPackageStateTextized><IntendedPackageState>5000</IntendedPackageState><IntendedPackageStateTextized>Absent</IntendedPackageStateTextized><Client>CbsTask</Client></CbsPackageInitiateChanges></UserData></Event><Event xmlns='http://schemas.microsoft.com/win/2004/08/events/event'><System><Provider Name='Microsoft-Windows-Servicing' Guid='{bd12f3b8-fc40-4a61-a307-b7a013a069c1}'/><EventID>1</EventID><Version>0</Version><Level>0</Level><Task>1</Task><Opcode>0</Opcode><Keywords>0x8000000000000000</Keywords><TimeCreated SystemTime='2024-11-07T13:56:28.9782683Z'/><EventRecordID>45</EventRecordID><Correlation/><Execution ProcessID='3252' ThreadID='6116'/><Channel>Setup</Channel><Computer>Window-Vm-1</Computer><Security UserID='S-1-5-18'/></System><UserData><CbsPackageInitiateChanges xmlns='http://manifests.microsoft.com/win/2004/08/windows/setup_provider'><PackageIdentifier>KB777778</PackageIdentifier><InitialPackageState>5080</InitialPackageState><InitialPackageStateTextized>Superseded</InitialPackageStateTextized><IntendedPackageState>5000</IntendedPackageState><IntendedPackageStateTextized>Absent</IntendedPackageStateTextized><Client>CbsTask</Client></CbsPackageInitiateChanges></UserData></Event><Event xmlns='http://schemas.microsoft.com/win/2004/08/events/event'><System><Provider Name='Microsoft-Windows-Servicing' Guid='{bd12f3b8-fc40-4a61-a307-b7a013a069c1}'/><EventID>1</EventID><Version>0</Version><Level>0</Level><Task>1</Task><Opcode>0</Opcode><Keywords>0x8000000000000000</Keywords><TimeCreated SystemTime='2024-11-07T13:56:27.0095319Z'/><EventRecordID>44</EventRecordID><Correlation/><Execution ProcessID='3252' ThreadID='6116'/><Channel>Setup</Channel><Computer>Window-Vm-1</Computer><Security UserID='S-1-5-18'/></System><UserData><CbsPackageInitiateChanges xmlns='http://manifests.microsoft.com/win/2004/08/windows/setup_provider'><PackageIdentifier>KB777778</PackageIdentifier><InitialPackageState>5080</InitialPackageState><InitialPackageStateTextized>Superseded</InitialPackageStateTextized><IntendedPackageState>5000</IntendedPackageState><IntendedPackageStateTextized>Absent</IntendedPackageStateTextized><Client>CbsTask</Client></CbsPackageInitiateChanges></UserData></Event><Event xmlns='http://schemas.microsoft.com/win/2004/08/events/event'><System><Provider Name='Microsoft-Windows-Servicing' Guid='{bd12f3b8-fc40-4a61-a307-b7a013a069c1}'/><EventID>1</EventID><Version>0</Version><Level>0</Level><Task>1</Task><Opcode>0</Opcode><Keywords>0x8000000000000000</Keywords><TimeCreated SystemTime='2024-11-07T13:56:25.1969396Z'/><EventRecordID>43</EventRecordID><Correlation/><Execution ProcessID='3252' ThreadID='6116'/><Channel>Setup</Channel><Computer>Window-Vm-1</Computer><Security UserID='S-1-5-18'/></System><UserData><CbsPackageInitiateChanges xmlns='http://manifests.microsoft.com/win/2004/08/windows/setup_provider'><PackageIdentifier>KB777778</PackageIdentifier><InitialPackageState>5080</InitialPackageState><InitialPackageStateTextized>Superseded</InitialPackageStateTextized><IntendedPackageState>5000</IntendedPackageState><IntendedPackageStateTextized>Absent</IntendedPackageStateTextized><Client>CbsTask</Client></CbsPackageInitiateChanges></UserData></Event><Event xmlns='http://schemas.microsoft.com/win/2004/08/events/event'><System><Provider Name='Microsoft-Windows-Servicing' Guid='{bd12f3b8-fc40-4a61-a307-b7a013a069c1}'/><EventID>1</EventID><Version>0</Version><Level>0</Level><Task>1</Task><Opcode>0</Opcode><Keywords>0x8000000000000000</Keywords><TimeCreated SystemTime='2024-11-07T13:56:23.4000435Z'/><EventRecordID>42</EventRecordID><Correlation/><Execution ProcessID='3252' ThreadID='6116'/><Channel>Setup</Channel><Computer>Window-Vm-1</Computer><Security UserID='S-1-5-18'/></System><UserData><CbsPackageInitiateChanges xmlns='http://manifests.microsoft.com/win/2004/08/windows/setup_provider'><PackageIdentifier>KB777778</PackageIdentifier><InitialPackageState>5080</InitialPackageState><InitialPackageStateTextized>Superseded</InitialPackageStateTextized><IntendedPackageState>5000</IntendedPackageState><IntendedPackageStateTextized>Absent</IntendedPackageStateTextized><Client>CbsTask</Client></CbsPackageInitiateChanges></UserData></Event><Event xmlns='http://schemas.microsoft.com/win/2004/08/events/event'><System><Provider Name='Microsoft-Windows-Servicing' Guid='{bd12f3b8-fc40-4a61-a307-b7a013a069c1}'/><EventID>1</EventID><Version>0</Version><Level>0</Level><Task>1</Task><Opcode>0</Opcode><Keywords>0x8000000000000000</Keywords><TimeCreated SystemTime='2024-11-07T13:56:21.2869770Z'/><EventRecordID>41</EventRecordID><Correlation/><Execution ProcessID='3252' ThreadID='6116'/><Channel>Setup</Channel><Computer>Window-Vm-1</Computer><Security UserID='S-1-5-18'/></System><UserData><CbsPackageInitiateChanges xmlns='http://manifests.microsoft.com/win/2004/08/windows/setup_provider'><PackageIdentifier>KB777778</PackageIdentifier><InitialPackageState>5080</InitialPackageState><InitialPackageStateTextized>Superseded</InitialPackageStateTextized><IntendedPackageState>5000</IntendedPackageState><IntendedPackageStateTextized>Absent</IntendedPackageStateTextized><Client>CbsTask</Client></CbsPackageInitiateChanges></UserData></Event><Event xmlns='http://schemas.microsoft.com/win/2004/08/events/event'><System><Provider Name='Microsoft-Windows-Servicing' Guid='{bd12f3b8-fc40-4a61-a307-b7a013a069c1}'/><EventID>1</EventID><Version>0</Version><Level>0</Level><Task>1</Task><Opcode>0</Opcode><Keywords>0x8000000000000000</Keywords><TimeCreated SystemTime='2024-11-07T13:56:19.7740997Z'/><EventRecordID>40</EventRecordID><Correlation/><Execution ProcessID='3252' ThreadID='6116'/><Channel>Setup</Channel><Computer>Window-Vm-1</Computer><Security UserID='S-1-5-18'/></System><UserData><CbsPackageInitiateChanges xmlns='http://manifests.microsoft.com/win/2004/08/windows/setup_provider'><PackageIdentifier>KB777778</PackageIdentifier><InitialPackageState>5080</InitialPackageState><InitialPackageStateTextized>Superseded</InitialPackageStateTextized><IntendedPackageState>5000</IntendedPackageState><IntendedPackageStateTextized>Absent</IntendedPackageStateTextized><Client>CbsTask</Client></CbsPackageInitiateChanges></UserData></Event><Event xmlns='http://schemas.microsoft.com/win/2004/08/events/event'><System><Provider Name='Microsoft-Windows-Servicing' Guid='{bd12f3b8-fc40-4a61-a307-b7a013a069c1}'/><EventID>1</EventID><Version>0</Version><Level>0</Level><Task>1</Task><Opcode>0</Opcode><Keywords>0x8000000000000000</Keywords><TimeCreated SystemTime='2024-11-07T13:56:18.2589097Z'/><EventRecordID>39</EventRecordID><Correlation/><Execution ProcessID='3252' ThreadID='6116'/><Channel>Setup</Channel><Computer>Window-Vm-1</Computer><Security UserID='S-1-5-18'/></System><UserData><CbsPackageInitiateChanges xmlns='http://manifests.microsoft.com/win/2004/08/windows/setup_provider'><PackageIdentifier>KB777778</PackageIdentifier><InitialPackageState>5080</InitialPackageState><InitialPackageStateTextized>Superseded</InitialPackageStateTextized><IntendedPackageState>5000</IntendedPackageState><IntendedPackageStateTextized>Absent</IntendedPackageStateTextized><Client>CbsTask</Client></CbsPackageInitiateChanges></UserData></Event><Event xmlns='http://schemas.microsoft.com/win/2004/08/events/event'><System><Provider Name='Microsoft-Windows-Servicing' Guid='{bd12f3b8-fc40-4a61-a307-b7a013a069c1}'/><EventID>1</EventID><Version>0</Version><Level>0</Level><Task>1</Task><Opcode>0</Opcode><Keywords>0x8000000000000000</Keywords><TimeCreated SystemTime='2024-11-07T13:56:16.6135502Z'/><EventRecordID>38</EventRecordID><Correlation/><Execution ProcessID='3252' ThreadID='6116'/><Channel>Setup</Channel><Computer>Window-Vm-1</Computer><Security UserID='S-1-5-18'/></System><UserData><CbsPackageInitiateChanges xmlns='http://manifests.microsoft.com/win/2004/08/windows/setup_provider'><PackageIdentifier>KB777778</PackageIdentifier><InitialPackageState>5080</InitialPackageState><InitialPackageStateTextized>Superseded</InitialPackageStateTextized><IntendedPackageState>5000</IntendedPackageState><IntendedPackageStateTextized>Absent</IntendedPackageStateTextized><Client>CbsTask</Client></CbsPackageInitiateChanges></UserData></Event><Event xmlns='http://schemas.microsoft.com/win/2004/08/events/event'><System><Provider Name='Microsoft-Windows-Servicing' Guid='{bd12f3b8-fc40-4a61-a307-b7a013a069c1}'/><EventID>1</EventID><Version>0</Version><Level>0</Level><Task>1</Task><Opcode>0</Opcode><Keywords>0x8000000000000000</Keywords><TimeCreated SystemTime='2024-11-07T13:56:15.0084454Z'/><EventRecordID>37</EventRecordID><Correlation/><Execution ProcessID='3252' ThreadID='6116'/><Channel>Setup</Channel><Computer>Window-Vm-1</Computer><Security UserID='S-1-5-18'/></System><UserData><CbsPackageInitiateChanges xmlns='http://manifests.microsoft.com/win/2004/08/windows/setup_provider'><PackageIdentifier>KB777778</PackageIdentifier><InitialPackageState>5080</InitialPackageState><InitialPackageStateTextized>Superseded</InitialPackageStateTextized><IntendedPackageState>5000</IntendedPackageState><IntendedPackageStateTextized>Absent</IntendedPackageStateTextized><Client>CbsTask</Client></CbsPackageInitiateChanges></UserData></Event><Event xmlns='http://schemas.microsoft.com/win/2004/08/events/event'><System><Provider Name='Microsoft-Windows-Servicing' Guid='{bd12f3b8-fc40-4a61-a307-b7a013a069c1}'/><EventID>1</EventID><Version>0</Version><Level>0</Level><Task>1</Task><Opcode>0</Opcode><Keywords>0x8000000000000000</Keywords><TimeCreated SystemTime='2024-11-07T13:56:13.3685813Z'/><EventRecordID>36</EventRecordID><Correlation/><Execution ProcessID='3252' ThreadID='6116'/><Channel>Setup</Channel><Computer>Window-Vm-1</Computer><Security UserID='S-1-5-18'/></System><UserData><CbsPackageInitiateChanges xmlns='http://manifests.microsoft.com/win/2004/08/windows/setup_provider'><PackageIdentifier>KB777778</PackageIdentifier><InitialPackageState>5080</InitialPackageState><InitialPackageStateTextized>Superseded</InitialPackageStateTextized><IntendedPackageState>5000</IntendedPackageState><IntendedPackageStateTextized>Absent</IntendedPackageStateTextized><Client>CbsTask</Client></CbsPackageInitiateChanges></UserData></Event><Event xmlns='http://schemas.microsoft.com/win/2004/08/events/event'><System><Provider Name='Microsoft-Windows-Servicing' Guid='{bd12f3b8-fc40-4a61-a307-b7a013a069c1}'/><EventID>1</EventID><Version>0</Version><Level>0</Level><Task>1</Task><Opcode>0</Opcode><Keywords>0x8000000000000000</Keywords><TimeCreated SystemTime='2024-11-07T13:56:11.5549490Z'/><EventRecordID>35</EventRecordID><Correlation/><Execution ProcessID='3252' ThreadID='6116'/><Channel>Setup</Channel><Computer>Window-Vm-1</Computer><Security UserID='S-1-5-18'/></System><UserData><CbsPackageInitiateChanges xmlns='http://manifests.microsoft.com/win/2004/08/windows/setup_provider'><PackageIdentifier>KB777778</PackageIdentifier><InitialPackageState>5080</InitialPackageState><InitialPackageStateTextized>Superseded</InitialPackageStateTextized><IntendedPackageState>5000</IntendedPackageState><IntendedPackageStateTextized>Absent</IntendedPackageStateTextized><Client>CbsTask</Client></CbsPackageInitiateChanges></UserData></Event><Event xmlns='http://schemas.microsoft.com/win/2004/08/events/event'><System><Provider Name='Microsoft-Windows-Servicing' Guid='{bd12f3b8-fc40-4a61-a307-b7a013a069c1}'/><EventID>1</EventID><Version>0</Version><Level>0</Level><Task>1</Task><Opcode>0</Opcode><Keywords>0x8000000000000000</Keywords><TimeCreated SystemTime='2024-11-07T13:56:10.1695474Z'/><EventRecordID>34</EventRecordID><Correlation/><Execution ProcessID='3252' ThreadID='6116'/><Channel>Setup</Channel><Computer>Window-Vm-1</Computer><Security UserID='S-1-5-18'/></System><UserData><CbsPackageInitiateChanges xmlns='http://manifests.microsoft.com/win/2004/08/windows/setup_provider'><PackageIdentifier>KB777778</PackageIdentifier><InitialPackageState>5080</InitialPackageState><InitialPackageStateTextized>Superseded</InitialPackageStateTextized><IntendedPackageState>5000</IntendedPackageState><IntendedPackageStateTextized>Absent</IntendedPackageStateTextized><Client>CbsTask</Client></CbsPackageInitiateChanges></UserData></Event><Event xmlns='http://schemas.microsoft.com/win/2004/08/events/event'><System><Provider Name='Microsoft-Windows-Servicing' Guid='{bd12f3b8-fc40-4a61-a307-b7a013a069c1}'/><EventID>1</EventID><Version>0</Version><Level>0</Level><Task>1</Task><Opcode>0</Opcode><Keywords>0x8000000000000000</Keywords><TimeCreated SystemTime='2024-11-07T13:56:08.6182923Z'/><EventRecordID>33</EventRecordID><Correlation/><Execution ProcessID='3252' ThreadID='6116'/><Channel>Setup</Channel><Computer>Window-Vm-1</Computer><Security UserID='S-1-5-18'/></System><UserData><CbsPackageInitiateChanges xmlns='http://manifests.microsoft.com/win/2004/08/windows/setup_provider'><PackageIdentifier>KB777778</PackageIdentifier><InitialPackageState>5080</InitialPackageState><InitialPackageStateTextized>Superseded</InitialPackageStateTextized><IntendedPackageState>5000</IntendedPackageState><IntendedPackageStateTextized>Absent</IntendedPackageStateTextized><Client>CbsTask</Client></CbsPackageInitiateChanges></UserData></Event><Event xmlns='http://schemas.microsoft.com/win/2004/08/events/event'><System><Provider Name='Microsoft-Windows-Servicing' Guid='{bd12f3b8-fc40-4a61-a307-b7a013a069c1}'/><EventID>1</EventID><Version>0</Version><Level>0</Level><Task>1</Task><Opcode>0</Opcode><Keywords>0x8000000000000000</Keywords><TimeCreated SystemTime='2024-11-07T13:56:07.1628330Z'/><EventRecordID>32</EventRecordID><Correlation/><Execution ProcessID='3252' ThreadID='6116'/><Channel>Setup</Channel><Computer>Window-Vm-1</Computer><Security UserID='S-1-5-18'/></System><UserData><CbsPackageInitiateChanges xmlns='http://manifests.microsoft.com/win/2004/08/windows/setup_provider'><PackageIdentifier>KB777778</PackageIdentifier><InitialPackageState>5080</InitialPackageState><InitialPackageStateTextized>Superseded</InitialPackageStateTextized><IntendedPackageState>5000</IntendedPackageState><IntendedPackageStateTextized>Absent</IntendedPackageStateTextized><Client>CbsTask</Client></CbsPackageInitiateChanges></UserData></Event><Event xmlns='http://schemas.microsoft.com/win/2004/08/events/event'><System><Provider Name='Microsoft-Windows-Servicing' Guid='{bd12f3b8-fc40-4a61-a307-b7a013a069c1}'/><EventID>1</EventID><Version>0</Version><Level>0</Level><Task>1</Task><Opcode>0</Opcode><Keywords>0x8000000000000000</Keywords><TimeCreated SystemTime='2024-11-07T13:56:05.7781874Z'/><EventRecordID>31</EventRecordID><Correlation/><Execution ProcessID='3252' ThreadID='6116'/><Channel>Setup</Channel><Computer>Window-Vm-1</Computer><Security UserID='S-1-5-18'/></System><UserData><CbsPackageInitiateChanges xmlns='http://manifests.microsoft.com/win/2004/08/windows/setup_provider'><PackageIdentifier>KB777778</PackageIdentifier><InitialPackageState>5080</InitialPackageState><InitialPackageStateTextized>Superseded</InitialPackageStateTextized><IntendedPackageState>5000</IntendedPackageState><IntendedPackageStateTextized>Absent</IntendedPackageStateTextized><Client>CbsTask</Client></CbsPackageInitiateChanges></UserData></Event><Event xmlns='http://schemas.microsoft.com/win/2004/08/events/event'><System><Provider Name='Microsoft-Windows-Servicing' Guid='{bd12f3b8-fc40-4a61-a307-b7a013a069c1}'/><EventID>1</EventID><Version>0</Version><Level>0</Level><Task>1</Task><Opcode>0</Opcode><Keywords>0x8000000000000000</Keywords><TimeCreated SystemTime='2024-11-07T13:56:04.3127262Z'/><EventRecordID>30</EventRecordID><Correlation/><Execution ProcessID='3252' ThreadID='6116'/><Channel>Setup</Channel><Computer>Window-Vm-1</Computer><Security UserID='S-1-5-18'/></System><UserData><CbsPackageInitiateChanges xmlns='http://manifests.microsoft.com/win/2004/08/windows/setup_provider'><PackageIdentifier>KB777778</PackageIdentifier><InitialPackageState>5080</InitialPackageState><InitialPackageStateTextized>Superseded</InitialPackageStateTextized><IntendedPackageState>5000</IntendedPackageState><IntendedPackageStateTextized>Absent</IntendedPackageStateTextized><Client>CbsTask</Client></CbsPackageInitiateChanges></UserData></Event><Event xmlns='http://schemas.microsoft.com/win/2004/08/events/event'><System><Provider Name='Microsoft-Windows-Servicing' Guid='{bd12f3b8-fc40-4a61-a307-b7a013a069c1}'/><EventID>1</EventID><Version>0</Version><Level>0</Level><Task>1</Task><Opcode>0</Opcode><Keywords>0x8000000000000000</Keywords><TimeCreated SystemTime='2024-11-07T13:56:02.9662729Z'/><EventRecordID>29</EventRecordID><Correlation/><Execution ProcessID='3252' ThreadID='6116'/><Channel>Setup</Channel><Computer>Window-Vm-1</Computer><Security UserID='S-1-5-18'/></System><UserData><CbsPackageInitiateChanges xmlns='http://manifests.microsoft.com/win/2004/08/windows/setup_provider'><PackageIdentifier>KB777778</PackageIdentifier><InitialPackageState>5080</InitialPackageState><InitialPackageStateTextized>Superseded</InitialPackageStateTextized><IntendedPackageState>5000</IntendedPackageState><IntendedPackageStateTextized>Absent</IntendedPackageStateTextized><Client>CbsTask</Client></CbsPackageInitiateChanges></UserData></Event><Event xmlns='http://schemas.microsoft.com/win/2004/08/events/event'><System><Provider Name='Microsoft-Windows-Servicing' Guid='{bd12f3b8-fc40-4a61-a307-b7a013a069c1}'/><EventID>1</EventID><Version>0</Version><Level>0</Level><Task>1</Task><Opcode>0</Opcode><Keywords>0x8000000000000000</Keywords><TimeCreated SystemTime='2024-11-07T13:56:01.6894035Z'/><EventRecordID>28</EventRecordID><Correlation/><Execution ProcessID='3252' ThreadID='6116'/><Channel>Setup</Channel><Computer>Window-Vm-1</Computer><Security UserID='S-1-5-18'/></System><UserData><CbsPackageInitiateChanges xmlns='http://manifests.microsoft.com/win/2004/08/windows/setup_provider'><PackageIdentifier>KB777778</PackageIdentifier><InitialPackageState>5080</InitialPackageState><InitialPackageStateTextized>Superseded</InitialPackageStateTextized><IntendedPackageState>5000</IntendedPackageState><IntendedPackageStateTextized>Absent</IntendedPackageStateTextized><Client>CbsTask</Client></CbsPackageInitiateChanges></UserData></Event><Event xmlns='http://schemas.microsoft.com/win/2004/08/events/event'><System><Provider Name='Microsoft-Windows-Servicing' Guid='{bd12f3b8-fc40-4a61-a307-b7a013a069c1}'/><EventID>1</EventID><Version>0</Version><Level>0</Level><Task>1</Task><Opcode>0</Opcode><Keywords>0x8000000000000000</Keywords><TimeCreated SystemTime='2024-11-07T13:56:00.2424389Z'/><EventRecordID>27</EventRecordID><Correlation/><Execution ProcessID='3252' ThreadID='6116'/><Channel>Setup</Channel><Computer>Window-Vm-1</Computer><Security UserID='S-1-5-18'/></System><UserData><CbsPackageInitiateChanges xmlns='http://manifests.microsoft.com/win/2004/08/windows/setup_provider'><PackageIdentifier>Microsoft-Windows-StepsRecorder-en-US</PackageIdentifier><InitialPackageState>5080</InitialPackageState><InitialPackageStateTextized>Superseded</InitialPackageStateTextized><IntendedPackageState>5000</IntendedPackageState><IntendedPackageStateTextized>Absent</IntendedPackageStateTextized><Client>CbsTask</Client></CbsPackageInitiateChanges></UserData></Event><Event xmlns='http://schemas.microsoft.com/win/2004/08/events/event'><System><Provider Name='Microsoft-Windows-Servicing' Guid='{bd12f3b8-fc40-4a61-a307-b7a013a069c1}'/><EventID>1</EventID><Version>0</Version><Level>0</Level><Task>1</Task><Opcode>0</Opcode><Keywords>0x8000000000000000</Keywords><TimeCreated SystemTime='2024-11-07T13:55:58.8959558Z'/><EventRecordID>26</EventRecordID><Correlation/><Execution ProcessID='3252' ThreadID='6116'/><Channel>Setup</Channel><Computer>Window-Vm-1</Computer><Security UserID='S-1-5-18'/></System><UserData><CbsPackageInitiateChanges xmlns='http://manifests.microsoft.com/win/2004/08/windows/setup_provider'><PackageIdentifier>KB777778</PackageIdentifier><InitialPackageState>5080</InitialPackageState><InitialPackageStateTextized>Superseded</InitialPackageStateTextized><IntendedPackageState>5000</IntendedPackageState><IntendedPackageStateTextized>Absent</IntendedPackageStateTextized><Client>CbsTask</Client></CbsPackageInitiateChanges></UserData></Event><Event xmlns='http://schemas.microsoft.com/win/2004/08/events/event'><System><Provider Name='Microsoft-Windows-Servicing' Guid='{bd12f3b8-fc40-4a61-a307-b7a013a069c1}'/><EventID>1</EventID><Version>0</Version><Level>0</Level><Task>1</Task><Opcode>0</Opcode><Keywords>0x8000000000000000</Keywords><TimeCreated SystemTime='2024-11-07T13:55:57.2872874Z'/><EventRecordID>25</EventRecordID><Correlation/><Execution ProcessID='3252' ThreadID='6116'/><Channel>Setup</Channel><Computer>Window-Vm-1</Computer><Security UserID='S-1-5-18'/></System><UserData><CbsPackageInitiateChanges xmlns='http://manifests.microsoft.com/win/2004/08/windows/setup_provider'><PackageIdentifier>KB777778</PackageIdentifier><InitialPackageState>5080</InitialPackageState><InitialPackageStateTextized>Superseded</InitialPackageStateTextized><IntendedPackageState>5000</IntendedPackageState><IntendedPackageStateTextized>Absent</IntendedPackageStateTextized><Client>CbsTask</Client></CbsPackageInitiateChanges></UserData></Event><Event xmlns='http://schemas.microsoft.com/win/2004/08/events/event'><System><Provider Name='Microsoft-Windows-Servicing' Guid='{bd12f3b8-fc40-4a61-a307-b7a013a069c1}'/><EventID>1</EventID><Version>0</Version><Level>0</Level><Task>1</Task><Opcode>0</Opcode><Keywords>0x8000000000000000</Keywords><TimeCreated SystemTime='2024-11-07T13:55:56.0732427Z'/><EventRecordID>24</EventRecordID><Correlation/><Execution ProcessID='3252' ThreadID='6116'/><Channel>Setup</Channel><Computer>Window-Vm-1</Computer><Security UserID='S-1-5-18'/></System><UserData><CbsPackageInitiateChanges xmlns='http://manifests.microsoft.com/win/2004/08/windows/setup_provider'><PackageIdentifier>KB777778</PackageIdentifier><InitialPackageState>5080</InitialPackageState><InitialPackageStateTextized>Superseded</InitialPackageStateTextized><IntendedPackageState>5000</IntendedPackageState><IntendedPackageStateTextized>Absent</IntendedPackageStateTextized><Client>CbsTask</Client></CbsPackageInitiateChanges></UserData></Event><Event xmlns='http://schemas.microsoft.com/win/2004/08/events/event'><System><Provider Name='Microsoft-Windows-Servicing' Guid='{bd12f3b8-fc40-4a61-a307-b7a013a069c1}'/><EventID>1</EventID><Version>0</Version><Level>0</Level><Task>1</Task><Opcode>0</Opcode><Keywords>0x8000000000000000</Keywords><TimeCreated SystemTime='2024-11-07T13:55:54.6752733Z'/><EventRecordID>23</EventRecordID><Correlation/><Execution ProcessID='3252' ThreadID='6116'/><Channel>Setup</Channel><Computer>Window-Vm-1</Computer><Security UserID='S-1-5-18'/></System><UserData><CbsPackageInitiateChanges xmlns='http://manifests.microsoft.com/win/2004/08/windows/setup_provider'><PackageIdentifier>KB777778</PackageIdentifier><InitialPackageState>5080</InitialPackageState><InitialPackageStateTextized>Superseded</InitialPackageStateTextized><IntendedPackageState>5000</IntendedPackageState><IntendedPackageStateTextized>Absent</IntendedPackageStateTextized><Client>CbsTask</Client></CbsPackageInitiateChanges></UserData></Event><Event xmlns='http://schemas.microsoft.com/win/2004/08/events/event'><System><Provider Name='Microsoft-Windows-Servicing' Guid='{bd12f3b8-fc40-4a61-a307-b7a013a069c1}'/><EventID>1</EventID><Version>0</Version><Level>0</Level><Task>1</Task><Opcode>0</Opcode><Keywords>0x8000000000000000</Keywords><TimeCreated SystemTime='2024-11-07T13:55:53.3975616Z'/><EventRecordID>22</EventRecordID><Correlation/><Execution ProcessID='3252' ThreadID='6116'/><Channel>Setup</Channel><Computer>Window-Vm-1</Computer><Security UserID='S-1-5-18'/></System><UserData><CbsPackageInitiateChanges xmlns='http://manifests.microsoft.com/win/2004/08/windows/setup_provider'><PackageIdentifier>KB777778</PackageIdentifier><InitialPackageState>5080</InitialPackageState><InitialPackageStateTextized>Superseded</InitialPackageStateTextized><IntendedPackageState>5000</IntendedPackageState><IntendedPackageStateTextized>Absent</IntendedPackageStateTextized><Client>CbsTask</Client></CbsPackageInitiateChanges></UserData></Event><Event xmlns='http://schemas.microsoft.com/win/2004/08/events/event'><System><Provider Name='Microsoft-Windows-Servicing' Guid='{bd12f3b8-fc40-4a61-a307-b7a013a069c1}'/><EventID>1</EventID><Version>0</Version><Level>0</Level><Task>1</Task><Opcode>0</Opcode><Keywords>0x8000000000000000</Keywords><TimeCreated SystemTime='2024-11-07T13:55:52.2377305Z'/><EventRecordID>21</EventRecordID><Correlation/><Execution ProcessID='3252' ThreadID='6116'/><Channel>Setup</Channel><Computer>Window-Vm-1</Computer><Security UserID='S-1-5-18'/></System><UserData><CbsPackageInitiateChanges xmlns='http://manifests.microsoft.com/win/2004/08/windows/setup_provider'><PackageIdentifier>KB777778</PackageIdentifier><InitialPackageState>5080</InitialPackageState><InitialPackageStateTextized>Superseded</InitialPackageStateTextized><IntendedPackageState>5000</IntendedPackageState><IntendedPackageStateTextized>Absent</IntendedPackageStateTextized><Client>CbsTask</Client></CbsPackageInitiateChanges></UserData></Event><Event xmlns='http://schemas.microsoft.com/win/2004/08/events/event'><System><Provider Name='Microsoft-Windows-Servicing' Guid='{bd12f3b8-fc40-4a61-a307-b7a013a069c1}'/><EventID>1</EventID><Version>0</Version><Level>0</Level><Task>1</Task><Opcode>0</Opcode><Keywords>0x8000000000000000</Keywords><TimeCreated SystemTime='2024-11-07T13:55:50.6945227Z'/><EventRecordID>20</EventRecordID><Correlation/><Execution ProcessID='3252' ThreadID='6116'/><Channel>Setup</Channel><Computer>Window-Vm-1</Computer><Security UserID='S-1-5-18'/></System><UserData><CbsPackageInitiateChanges xmlns='http://manifests.microsoft.com/win/2004/08/windows/setup_provider'><PackageIdentifier>KB777778</PackageIdentifier><InitialPackageState>5080</InitialPackageState><InitialPackageStateTextized>Superseded</InitialPackageStateTextized><IntendedPackageState>5000</IntendedPackageState><IntendedPackageStateTextized>Absent</IntendedPackageStateTextized><Client>CbsTask</Client></CbsPackageInitiateChanges></UserData></Event><Event xmlns='http://schemas.microsoft.com/win/2004/08/events/event'><System><Provider Name='Microsoft-Windows-Servicing' Guid='{bd12f3b8-fc40-4a61-a307-b7a013a069c1}'/><EventID>1</EventID><Version>0</Version><Level>0</Level><Task>1</Task><Opcode>0</Opcode><Keywords>0x8000000000000000</Keywords><TimeCreated SystemTime='2024-11-07T13:55:48.7487630Z'/><EventRecordID>19</EventRecordID><Correlation/><Execution ProcessID='3252' ThreadID='6116'/><Channel>Setup</Channel><Computer>Window-Vm-1</Computer><Security UserID='S-1-5-18'/></System><UserData><CbsPackageInitiateChanges xmlns='http://manifests.microsoft.com/win/2004/08/windows/setup_provider'><PackageIdentifier>KB777778</PackageIdentifier><InitialPackageState>5080</InitialPackageState><InitialPackageStateTextized>Superseded</InitialPackageStateTextized><IntendedPackageState>5000</IntendedPackageState><IntendedPackageStateTextized>Absent</IntendedPackageStateTextized><Client>CbsTask</Client></CbsPackageInitiateChanges></UserData></Event><Event xmlns='http://schemas.microsoft.com/win/2004/08/events/event'><System><Provider Name='Microsoft-Windows-Servicing' Guid='{bd12f3b8-fc40-4a61-a307-b7a013a069c1}'/><EventID>1</EventID><Version>0</Version><Level>0</Level><Task>1</Task><Opcode>0</Opcode><Keywords>0x8000000000000000</Keywords><TimeCreated SystemTime='2024-11-07T13:55:47.1404592Z'/><EventRecordID>18</EventRecordID><Correlation/><Execution ProcessID='3252' ThreadID='6116'/><Channel>Setup</Channel><Computer>Window-Vm-1</Computer><Security UserID='S-1-5-18'/></System><UserData><CbsPackageInitiateChanges xmlns='http://manifests.microsoft.com/win/2004/08/windows/setup_provider'><PackageIdentifier>Microsoft-Windows-MediaPlayer-en-US</PackageIdentifier><InitialPackageState>5080</InitialPackageState><InitialPackageStateTextized>Superseded</InitialPackageStateTextized><IntendedPackageState>5000</IntendedPackageState><IntendedPackageStateTextized>Absent</IntendedPackageStateTextized><Client>CbsTask</Client></CbsPackageInitiateChanges></UserData></Event><Event xmlns='http://schemas.microsoft.com/win/2004/08/events/event'><System><Provider Name='Microsoft-Windows-Servicing' Guid='{bd12f3b8-fc40-4a61-a307-b7a013a069c1}'/><EventID>1</EventID><Version>0</Version><Level>0</Level><Task>1</Task><Opcode>0</Opcode><Keywords>0x8000000000000000</Keywords><TimeCreated SystemTime='2024-11-07T13:55:45.9291033Z'/><EventRecordID>17</EventRecordID><Correlation/><Execution ProcessID='3252' ThreadID='6116'/><Channel>Setup</Channel><Computer>Window-Vm-1</Computer><Security UserID='S-1-5-18'/></System><UserData><CbsPackageInitiateChanges xmlns='http://manifests.microsoft.com/win/2004/08/windows/setup_provider'><PackageIdentifier>KB777778</PackageIdentifier><InitialPackageState>5080</InitialPackageState><InitialPackageStateTextized>Superseded</InitialPackageStateTextized><IntendedPackageState>5000</IntendedPackageState><IntendedPackageStateTextized>Absent</IntendedPackageStateTextized><Client>CbsTask</Client></CbsPackageInitiateChanges></UserData></Event><Event xmlns='http://schemas.microsoft.com/win/2004/08/events/event'><System><Provider Name='Microsoft-Windows-Servicing' Guid='{bd12f3b8-fc40-4a61-a307-b7a013a069c1}'/><EventID>1</EventID><Version>0</Version><Level>0</Level><Task>1</Task><Opcode>0</Opcode><Keywords>0x8000000000000000</Keywords><TimeCreated SystemTime='2024-11-07T13:55:44.7041236Z'/><EventRecordID>16</EventRecordID><Correlation/><Execution ProcessID='3252' ThreadID='6116'/><Channel>Setup</Channel><Computer>Window-Vm-1</Computer><Security UserID='S-1-5-18'/></System><UserData><CbsPackageInitiateChanges xmlns='http://manifests.microsoft.com/win/2004/08/windows/setup_provider'><PackageIdentifier>KB777778</PackageIdentifier><InitialPackageState>5080</InitialPackageState><InitialPackageStateTextized>Superseded</InitialPackageStateTextized><IntendedPackageState>5000</IntendedPackageState><IntendedPackageStateTextized>Absent</IntendedPackageStateTextized><Client>CbsTask</Client></CbsPackageInitiateChanges></UserData></Event><Event xmlns='http://schemas.microsoft.com/win/2004/08/events/event'><System><Provider Name='Microsoft-Windows-Servicing' Guid='{bd12f3b8-fc40-4a61-a307-b7a013a069c1}'/><EventID>1</EventID><Version>0</Version><Level>0</Level><Task>1</Task><Opcode>0</Opcode><Keywords>0x8000000000000000</Keywords><TimeCreated SystemTime='2024-11-07T13:55:43.2066051Z'/><EventRecordID>15</EventRecordID><Correlation/><Execution ProcessID='3252' ThreadID='6116'/><Channel>Setup</Channel><Computer>Window-Vm-1</Computer><Security UserID='S-1-5-18'/></System><UserData><CbsPackageInitiateChanges xmlns='http://manifests.microsoft.com/win/2004/08/windows/setup_provider'><PackageIdentifier>KB777778</PackageIdentifier><InitialPackageState>5080</InitialPackageState><InitialPackageStateTextized>Superseded</InitialPackageStateTextized><IntendedPackageState>5000</IntendedPackageState><IntendedPackageStateTextized>Absent</IntendedPackageStateTextized><Client>CbsTask</Client></CbsPackageInitiateChanges></UserData></Event><Event xmlns='http://schemas.microsoft.com/win/2004/08/events/event'><System><Provider Name='Microsoft-Windows-Servicing' Guid='{bd12f3b8-fc40-4a61-a307-b7a013a069c1}'/><EventID>1</EventID><Version>0</Version><Level>0</Level><Task>1</Task><Opcode>0</Opcode><Keywords>0x8000000000000000</Keywords><TimeCreated SystemTime='2024-11-07T13:55:41.9542425Z'/><EventRecordID>14</EventRecordID><Correlation/><Execution ProcessID='3252' ThreadID='6116'/><Channel>Setup</Channel><Computer>Window-Vm-1</Computer><Security UserID='S-1-5-18'/></System><UserData><CbsPackageInitiateChanges xmlns='http://manifests.microsoft.com/win/2004/08/windows/setup_provider'><PackageIdentifier>KB777778</PackageIdentifier><InitialPackageState>5080</InitialPackageState><InitialPackageStateTextized>Superseded</InitialPackageStateTextized><IntendedPackageState>5000</IntendedPackageState><IntendedPackageStateTextized>Absent</IntendedPackageStateTextized><Client>CbsTask</Client></CbsPackageInitiateChanges></UserData></Event><Event xmlns='http://schemas.microsoft.com/win/2004/08/events/event'><System><Provider Name='Microsoft-Windows-Servicing' Guid='{bd12f3b8-fc40-4a61-a307-b7a013a069c1}'/><EventID>1</EventID><Version>0</Version><Level>0</Level><Task>1</Task><Opcode>0</Opcode><Keywords>0x8000000000000000</Keywords><TimeCreated SystemTime='2024-11-07T13:55:40.4503474Z'/><EventRecordID>13</EventRecordID><Correlation/><Execution ProcessID='3252' ThreadID='6116'/><Channel>Setup</Channel><Computer>Window-Vm-1</Computer><Security UserID='S-1-5-18'/></System><UserData><CbsPackageInitiateChanges xmlns='http://manifests.microsoft.com/win/2004/08/windows/setup_provider'><PackageIdentifier>KB777778</PackageIdentifier><InitialPackageState>5080</InitialPackageState><InitialPackageStateTextized>Superseded</InitialPackageStateTextized><IntendedPackageState>5000</IntendedPackageState><IntendedPackageStateTextized>Absent</IntendedPackageStateTextized><Client>CbsTask</Client></CbsPackageInitiateChanges></UserData></Event><Event xmlns='http://schemas.microsoft.com/win/2004/08/events/event'><System><Provider Name='Microsoft-Windows-Servicing' Guid='{bd12f3b8-fc40-4a61-a307-b7a013a069c1}'/><EventID>1</EventID><Version>0</Version><Level>0</Level><Task>1</Task><Opcode>0</Opcode><Keywords>0x8000000000000000</Keywords><TimeCreated SystemTime='2024-11-07T13:55:38.9644460Z'/><EventRecordID>12</EventRecordID><Correlation/><Execution ProcessID='3252' ThreadID='6116'/><Channel>Setup</Channel><Computer>Window-Vm-1</Computer><Security UserID='S-1-5-18'/></System><UserData><CbsPackageInitiateChanges xmlns='http://manifests.microsoft.com/win/2004/08/windows/setup_provider'><PackageIdentifier>KB777778</PackageIdentifier><InitialPackageState>5080</InitialPackageState><InitialPackageStateTextized>Superseded</InitialPackageStateTextized><IntendedPackageState>5000</IntendedPackageState><IntendedPackageStateTextized>Absent</IntendedPackageStateTextized><Client>CbsTask</Client></CbsPackageInitiateChanges></UserData></Event><Event xmlns='http://schemas.microsoft.com/win/2004/08/events/event'><System><Provider Name='Microsoft-Windows-Servicing' Guid='{bd12f3b8-fc40-4a61-a307-b7a013a069c1}'/><EventID>1</EventID><Version>0</Version><Level>0</Level><Task>1</Task><Opcode>0</Opcode><Keywords>0x8000000000000000</Keywords><TimeCreated SystemTime='2024-11-07T13:55:37.2344981Z'/><EventRecordID>11</EventRecordID><Correlation/><Execution ProcessID='3252' ThreadID='6116'/><Channel>Setup</Channel><Computer>Window-Vm-1</Computer><Security UserID='S-1-5-18'/></System><UserData><CbsPackageInitiateChanges xmlns='http://manifests.microsoft.com/win/2004/08/windows/setup_provider'><PackageIdentifier>KB777778</PackageIdentifier><InitialPackageState>5080</InitialPackageState><InitialPackageStateTextized>Superseded</InitialPackageStateTextized><IntendedPackageState>5000</IntendedPackageState><IntendedPackageStateTextized>Absent</IntendedPackageStateTextized><Client>CbsTask</Client></CbsPackageInitiateChanges></UserData></Event><Event xmlns='http://schemas.microsoft.com/win/2004/08/events/event'><System><Provider Name='Microsoft-Windows-Servicing' Guid='{bd12f3b8-fc40-4a61-a307-b7a013a069c1}'/><EventID>1</EventID><Version>0</Version><Level>0</Level><Task>1</Task><Opcode>0</Opcode><Keywords>0x8000000000000000</Keywords><TimeCreated SystemTime='2024-11-07T13:55:35.9403627Z'/><EventRecordID>10</EventRecordID><Correlation/><Execution ProcessID='3252' ThreadID='6116'/><Channel>Setup</Channel><Computer>Window-Vm-1</Computer><Security UserID='S-1-5-18'/></System><UserData><CbsPackageInitiateChanges xmlns='http://manifests.microsoft.com/win/2004/08/windows/setup_provider'><PackageIdentifier>KB777778</PackageIdentifier><InitialPackageState>5080</InitialPackageState><InitialPackageStateTextized>Superseded</InitialPackageStateTextized><IntendedPackageState>5000</IntendedPackageState><IntendedPackageStateTextized>Absent</IntendedPackageStateTextized><Client>CbsTask</Client></CbsPackageInitiateChanges></UserData></Event><Event xmlns='http://schemas.microsoft.com/win/2004/08/events/event'><System><Provider Name='Microsoft-Windows-Servicing' Guid='{bd12f3b8-fc40-4a61-a307-b7a013a069c1}'/><EventID>1</EventID><Version>0</Version><Level>0</Level><Task>1</Task><Opcode>0</Opcode><Keywords>0x8000000000000000</Keywords><TimeCreated SystemTime='2024-11-07T13:55:34.5957881Z'/><EventRecordID>9</EventRecordID><Correlation/><Execution ProcessID='3252' ThreadID='6116'/><Channel>Setup</Channel><Computer>Window-Vm-1</Computer><Security UserID='S-1-5-18'/></System><UserData><CbsPackageInitiateChanges xmlns='http://manifests.microsoft.com/win/2004/08/windows/setup_provider'><PackageIdentifier>KB777778</PackageIdentifier><InitialPackageState>5080</InitialPackageState><InitialPackageStateTextized>Superseded</InitialPackageStateTextized><IntendedPackageState>5000</IntendedPackageState><IntendedPackageStateTextized>Absent</IntendedPackageStateTextized><Client>CbsTask</Client></CbsPackageInitiateChanges></UserData></Event><Event xmlns='http://schemas.microsoft.com/win/2004/08/events/event'><System><Provider Name='Microsoft-Windows-Servicing' Guid='{bd12f3b8-fc40-4a61-a307-b7a013a069c1}'/><EventID>1</EventID><Version>0</Version><Level>0</Level><Task>1</Task><Opcode>0</Opcode><Keywords>0x8000000000000000</Keywords><TimeCreated SystemTime='2024-11-07T13:55:32.8474334Z'/><EventRecordID>8</EventRecordID><Correlation/><Execution ProcessID='3252' ThreadID='6116'/><Channel>Setup</Channel><Computer>Window-Vm-1</Computer><Security UserID='S-1-5-18'/></System><UserData><CbsPackageInitiateChanges xmlns='http://manifests.microsoft.com/win/2004/08/windows/setup_provider'><PackageIdentifier>KB777778</PackageIdentifier><InitialPackageState>5080</InitialPackageState><InitialPackageStateTextized>Superseded</InitialPackageStateTextized><IntendedPackageState>5000</IntendedPackageState><IntendedPackageStateTextized>Absent</IntendedPackageStateTextized><Client>CbsTask</Client></CbsPackageInitiateChanges></UserData></Event><Event xmlns='http://schemas.microsoft.com/win/2004/08/events/event'><System><Provider Name='Microsoft-Windows-Servicing' Guid='{bd12f3b8-fc40-4a61-a307-b7a013a069c1}'/><EventID>1</EventID><Version>0</Version><Level>0</Level><Task>1</Task><Opcode>0</Opcode><Keywords>0x8000000000000000</Keywords><TimeCreated SystemTime='2024-11-07T13:55:31.6578207Z'/><EventRecordID>7</EventRecordID><Correlation/><Execution ProcessID='3252' ThreadID='6116'/><Channel>Setup</Channel><Computer>Window-Vm-1</Computer><Security UserID='S-1-5-18'/></System><UserData><CbsPackageInitiateChanges xmlns='http://manifests.microsoft.com/win/2004/08/windows/setup_provider'><PackageIdentifier>KB777778</PackageIdentifier><InitialPackageState>5080</InitialPackageState><InitialPackageStateTextized>Superseded</InitialPackageStateTextized><IntendedPackageState>5000</IntendedPackageState><IntendedPackageStateTextized>Absent</IntendedPackageStateTextized><Client>CbsTask</Client></CbsPackageInitiateChanges></UserData></Event><Event xmlns='http://schemas.microsoft.com/win/2004/08/events/event'><System><Provider Name='Microsoft-Windows-Servicing' Guid='{bd12f3b8-fc40-4a61-a307-b7a013a069c1}'/><EventID>1</EventID><Version>0</Version><Level>0</Level><Task>1</Task><Opcode>0</Opcode><Keywords>0x8000000000000000</Keywords><TimeCreated SystemTime='2024-11-07T13:55:30.4044507Z'/><EventRecordID>6</EventRecordID><Correlation/><Execution ProcessID='3252' ThreadID='6116'/><Channel>Setup</Channel><Computer>Window-Vm-1</Computer><Security UserID='S-1-5-18'/></System><UserData><CbsPackageInitiateChanges xmlns='http://manifests.microsoft.com/win/2004/08/windows/setup_provider'><PackageIdentifier>KB777778</PackageIdentifier><InitialPackageState>5080</InitialPackageState><InitialPackageStateTextized>Superseded</InitialPackageStateTextized><IntendedPackageState>5000</IntendedPackageState><IntendedPackageStateTextized>Absent</IntendedPackageStateTextized><Client>CbsTask</Client></CbsPackageInitiateChanges></UserData></Event><Event xmlns='http://schemas.microsoft.com/win/2004/08/events/event'><System><Provider Name='Microsoft-Windows-Servicing' Guid='{bd12f3b8-fc40-4a61-a307-b7a013a069c1}'/><EventID>1</EventID><Version>0</Version><Level>0</Level><Task>1</Task><Opcode>0</Opcode><Keywords>0x8000000000000000</Keywords><TimeCreated SystemTime='2024-11-07T13:55:29.1590402Z'/><EventRecordID>5</EventRecordID><Correlation/><Execution ProcessID='3252' ThreadID='6116'/><Channel>Setup</Channel><Computer>Window-Vm-1</Computer><Security UserID='S-1-5-18'/></System><UserData><CbsPackageInitiateChanges xmlns='http://manifests.microsoft.com/win/2004/08/windows/setup_provider'><PackageIdentifier>KB777778</PackageIdentifier><InitialPackageState>5080</InitialPackageState><InitialPackageStateTextized>Superseded</InitialPackageStateTextized><IntendedPackageState>5000</IntendedPackageState><IntendedPackageStateTextized>Absent</IntendedPackageStateTextized><Client>CbsTask</Client></CbsPackageInitiateChanges></UserData></Event><Event xmlns='http://schemas.microsoft.com/win/2004/08/events/event'><System><Provider Name='Microsoft-Windows-Servicing' Guid='{bd12f3b8-fc40-4a61-a307-b7a013a069c1}'/><EventID>1</EventID><Version>0</Version><Level>0</Level><Task>1</Task><Opcode>0</Opcode><Keywords>0x8000000000000000</Keywords><TimeCreated SystemTime='2024-11-07T13:54:31.0755981Z'/><EventRecordID>4</EventRecordID><Correlation/><Execution ProcessID='3252' ThreadID='6116'/><Channel>Setup</Channel><Computer>Window-Vm-1</Computer><Security UserID='S-1-5-18'/></System><UserData><CbsPackageInitiateChanges xmlns='http://manifests.microsoft.com/win/2004/08/windows/setup_provider'><PackageIdentifier>Language Pack</PackageIdentifier><InitialPackageState>5080</InitialPackageState><InitialPackageStateTextized>Superseded</InitialPackageStateTextized><IntendedPackageState>5000</IntendedPackageState><IntendedPackageStateTextized>Absent</IntendedPackageStateTextized><Client>CbsTask</Client></CbsPackageInitiateChanges></UserData></Event><Event xmlns='http://schemas.microsoft.com/win/2004/08/events/event'><System><Provider Name='Microsoft-Windows-Servicing' Guid='{bd12f3b8-fc40-4a61-a307-b7a013a069c1}'/><EventID>1</EventID><Version>0</Version><Level>0</Level><Task>1</Task><Opcode>0</Opcode><Keywords>0x8000000000000000</Keywords><TimeCreated SystemTime='2024-11-07T13:54:29.5772140Z'/><EventRecordID>3</EventRecordID><Correlation/><Execution ProcessID='3252' ThreadID='6116'/><Channel>Setup</Channel><Computer>Window-Vm-1</Computer><Security UserID='S-1-5-18'/></System><UserData><CbsPackageInitiateChanges xmlns='http://manifests.microsoft.com/win/2004/08/windows/setup_provider'><PackageIdentifier>KB777778</PackageIdentifier><InitialPackageState>5080</InitialPackageState><InitialPackageStateTextized>Superseded</InitialPackageStateTextized><IntendedPackageState>5000</IntendedPackageState><IntendedPackageStateTextized>Absent</IntendedPackageStateTextized><Client>CbsTask</Client></CbsPackageInitiateChanges></UserData></Event><Event xmlns='http://schemas.microsoft.com/win/2004/08/events/event'><System><Provider Name='Microsoft-Windows-Servicing' Guid='{bd12f3b8-fc40-4a61-a307-b7a013a069c1}'/><EventID>1</EventID><Version>0</Version><Level>0</Level><Task>1</Task><Opcode>0</Opcode><Keywords>0x8000000000000000</Keywords><TimeCreated SystemTime='2024-11-07T13:54:20.3890378Z'/><EventRecordID>2</EventRecordID><Correlation/><Execution ProcessID='3252' ThreadID='6116'/><Channel>Setup</Channel><Computer>Window-Vm-1</Computer><Security UserID='S-1-5-18'/></System><UserData><CbsPackageInitiateChanges xmlns='http://manifests.microsoft.com/win/2004/08/windows/setup_provider'><PackageIdentifier>KB777778</PackageIdentifier><InitialPackageState>5080</InitialPackageState><InitialPackageStateTextized>Superseded</InitialPackageStateTextized><IntendedPackageState>5000</IntendedPackageState><IntendedPackageStateTextized>Absent</IntendedPackageStateTextized><Client>CbsTask</Client></CbsPackageInitiateChanges></UserData></Event><Event xmlns='http://schemas.microsoft.com/win/2004/08/events/event'><System><Provider Name='Microsoft-Windows-Servicing' Guid='{bd12f3b8-fc40-4a61-a307-b7a013a069c1}'/><EventID>1</EventID><Version>0</Version><Level>0</Level><Task>1</Task><Opcode>0</Opcode><Keywords>0x8000000000000000</Keywords><TimeCreated SystemTime='2024-11-07T13:50:00.5132947Z'/><EventRecordID>1</EventRecordID><Correlation/><Execution ProcessID='3252' ThreadID='6116'/><Channel>Setup</Channel><Computer>Window-Vm-1</Computer><Security UserID='S-1-5-18'/></System><UserData><CbsPackageInitiateChanges xmlns='http://manifests.microsoft.com/win/2004/08/windows/setup_provider'><PackageIdentifier>Windows Professional Edition</PackageIdentifier><InitialPackageState>5080</InitialPackageState><InitialPackageStateTextized>Superseded</InitialPackageStateTextized><IntendedPackageState>5000</IntendedPackageState><IntendedPackageStateTextized>Absent</IntendedPackageStateTextized><Client>CbsTask</Client></CbsPackageInitiateChanges></UserData></Event>